timeStamp,elapsed,label,responseCode,responseMessage,threadName,success,failureMessage,bytes,grpThreads,allThreads,Latency,SampleCount,ErrorCount,Hostname
1641918952540,301,-112,200,OK,Thread Group 1-1,true,,1746,1,1,300,1,0,heliosphan
1641918952843,206,-132,200,OK,Thread Group 1-1,true,,320418,1,1,41,1,0,heliosphan
1641918953051,88,-130,200,OK,Thread Group 1-1,true,,66137,1,1,44,1,0,heliosphan
1641918953141,84,-133,200,OK,Thread Group 1-1,true,,66253,1,1,42,1,0,heliosphan
1641918953227,85,-134,200,OK,Thread Group 1-1,true,,67005,1,1,42,1,0,heliosphan
1641918953314,89,-131,200,OK,Thread Group 1-1,true,,71609,1,1,46,1,0,heliosphan
1641918953405,146,-135,200,OK,Thread Group 1-1,true,,950,1,1,146,1,0,heliosphan
1641918953553,246,-139,200,OK,Thread Group 1-1,true,,1222,1,1,246,1,0,heliosphan
1641918953801,97,-141,200,OK,Thread Group 1-1,true,,1026,1,1,96,1,0,heliosphan
1641918952463,1342,,200,"Number of samples in transaction : 9, number of failing samples : 0",Thread Group 1-1,true,,596366,1,1,1003,1,0,heliosphan
1641918953900,582,-145,200,OK,Thread Group 1-1,true,,1268,1,1,582,1,0,heliosphan
1641918954484,181,-146,200,OK,Thread Group 1-1,true,,1746,1,1,181,1,0,heliosphan
1641918954667,102,-150,200,OK,Thread Group 1-1,true,,1783,1,1,102,1,0,heliosphan
1641918954771,192,-151,200,OK,Thread Group 1-1,true,,1746,1,1,192,1,0,heliosphan
1641918954965,116,-155,200,OK,Thread Group 1-1,true,,1783,1,1,116,1,0,heliosphan
1641918955082,240,-156,200,OK,Thread Group 1-1,true,,2234,1,1,44,1,0,heliosphan
1641918955324,140,-157,200,OK,Thread Group 1-1,true,,1746,1,1,140,1,0,heliosphan
1641918955466,91,-161,200,OK,Thread Group 1-1,true,,950,1,1,91,1,0,heliosphan
1641918953899,1644,,200,"Number of samples in transaction : 8, number of failing samples : 0",Thread Group 1-1,true,,13256,1,1,1448,1,0,heliosphan
